,error,category
0,docker: Error response from daemon: driver failed programming external connectivity on endpoint elastic_williams (d41be30d46cae4865b3fb513c280fca4dd080aa3252c8e0984dad8c96894605d): Error starting userland proxy: listen tcp 0.0.0.0:8000: bind: address already in use.,0
1,docker: Error response from daemon: driver failed programming external connectivity on endpoint elastic_williams (d41be30d46cae4865b3fb513c280fca4dd080aa3252c8e0984dad8c96894605d): Error starting userland proxy: listen tcp 0.0.0.0:8001: bind: address already in use.,0
2,docker: Error response from daemon: driver failed programming external connectivity on endpoint elastic_williams (d41be30d46cae4865b3fb513c280fca4dd080aa3252c8e0984dad8c96894605d): Error starting userland proxy: listen tcp 0.0.0.0:8002: bind: address already in use.,0
3,docker: Error response from daemon: driver failed programming external connectivity on endpoint elastic_williams (d41be30d46cae4865b3fb513c280fca4dd080aa3252c8e0984dad8c96894605d): Error starting userland proxy: listen tcp 0.0.0.0:8003: bind: address already in use.,0
4,docker: Error response from daemon: driver failed programming external connectivity on endpoint elastic_williams (d41be30d46cae4865b3fb513c280fca4dd080aa3252c8e0984dad8c96894605d): Error starting userland proxy: listen tcp 0.0.0.0:8004: bind: address already in use.,0
5,docker: Error response from daemon: driver failed programming external connectivity on endpoint elastic_williams (d41be30d46cae4865b3fb513c280fca4dd080aa3252c8e0984dad8c96894605d): Error starting userland proxy: listen tcp 0.0.0.0:8005: bind: address already in use.,0
6,docker: Error response from daemon: driver failed programming external connectivity on endpoint elastic_williams (d41be30d46cae4865b3fb513c280fca4dd080aa3252c8e0984dad8c96894605d): Error starting userland proxy: listen tcp 0.0.0.0:8006: bind: address already in use.,0
7,docker: Error response from daemon: driver failed programming external connectivity on endpoint elastic_williams (d41be30d46cae4865b3fb513c280fca4dd080aa3252c8e0984dad8c96894605d): Error starting userland proxy: listen tcp 0.0.0.0:8007: bind: address already in use.,0
8,docker: Error response from daemon: driver failed programming external connectivity on endpoint elastic_williams (d41be30d46cae4865b3fb513c280fca4dd080aa3252c8e0984dad8c96894605d): Error starting userland proxy: listen tcp 0.0.0.0:8008: bind: address already in use.,0
9,docker: Error response from daemon: driver failed programming external connectivity on endpoint elastic_williams (d41be30d46cae4865b3fb513c280fca4dd080aa3252c8e0984dad8c96894605d): Error starting userland proxy: listen tcp 0.0.0.0:8009: bind: address already in use.,0
10,docker: Error response from daemon: driver failed programming external connectivity on endpoint elastic_williams (d41be30d46cae4865b3fb513c280fca4dd080aa3252c8e0984dad8c96894605d): Error starting userland proxy: listen tcp 0.0.0.0:8010: bind: address already in use.,0
11,docker: Error response from daemon: driver failed programming external connectivity on endpoint elastic_williams (d41be30d46cae4865b3fb513c280fca4dd080aa3252c8e0984dad8c96894605d): Error starting userland proxy: listen tcp 0.0.0.0:8011: bind: address already in use.,0
12,docker: Error response from daemon: driver failed programming external connectivity on endpoint elastic_williams (d41be30d46cae4865b3fb513c280fca4dd080aa3252c8e0984dad8c96894605d): Error starting userland proxy: listen tcp 0.0.0.0:8012: bind: address already in use.,0
13,docker: Error response from daemon: driver failed programming external connectivity on endpoint elastic_williams (d41be30d46cae4865b3fb513c280fca4dd080aa3252c8e0984dad8c96894605d): Error starting userland proxy: listen tcp 0.0.0.0:8013: bind: address already in use.,0
14,docker: Error response from daemon: driver failed programming external connectivity on endpoint elastic_williams (d41be30d46cae4865b3fb513c280fca4dd080aa3252c8e0984dad8c96894605d): Error starting userland proxy: listen tcp 0.0.0.0:8014: bind: address already in use.,0
15,docker: Error response from daemon: driver failed programming external connectivity on endpoint elastic_williams (d41be30d46cae4865b3fb513c280fca4dd080aa3252c8e0984dad8c96894605d): Error starting userland proxy: listen tcp 0.0.0.0:8015: bind: address already in use.,0
16,docker: Error response from daemon: driver failed programming external connectivity on endpoint elastic_williams (d41be30d46cae4865b3fb513c280fca4dd080aa3252c8e0984dad8c96894605d): Error starting userland proxy: listen tcp 0.0.0.0:8016: bind: address already in use.,0
17,docker: Error response from daemon: driver failed programming external connectivity on endpoint elastic_williams (d41be30d46cae4865b3fb513c280fca4dd080aa3252c8e0984dad8c96894605d): Error starting userland proxy: listen tcp 0.0.0.0:8017: bind: address already in use.,0
18,docker: Error response from daemon: driver failed programming external connectivity on endpoint elastic_williams (d41be30d46cae4865b3fb513c280fca4dd080aa3252c8e0984dad8c96894605d): Error starting userland proxy: listen tcp 0.0.0.0:8018: bind: address already in use.,0
19,docker: Error response from daemon: driver failed programming external connectivity on endpoint elastic_williams (d41be30d46cae4865b3fb513c280fca4dd080aa3252c8e0984dad8c96894605d): Error starting userland proxy: listen tcp 0.0.0.0:8019: bind: address already in use.,0
20,docker: Error response from daemon: driver failed programming external connectivity on endpoint elastic_williams (d41be30d46cae4865b3fb513c280fca4dd080aa3252c8e0984dad8c96894605d): Error starting userland proxy: listen tcp 0.0.0.0:8020: bind: address already in use.,0
21,docker: Error response from daemon: driver failed programming external connectivity on endpoint elastic_williams (d41be30d46cae4865b3fb513c280fca4dd080aa3252c8e0984dad8c96894605d): Error starting userland proxy: listen tcp 0.0.0.0:8021: bind: address already in use.,0
22,docker: Error response from daemon: driver failed programming external connectivity on endpoint elastic_williams (d41be30d46cae4865b3fb513c280fca4dd080aa3252c8e0984dad8c96894605d): Error starting userland proxy: listen tcp 0.0.0.0:8022: bind: address already in use.,0
23,docker: Error response from daemon: driver failed programming external connectivity on endpoint elastic_williams (d41be30d46cae4865b3fb513c280fca4dd080aa3252c8e0984dad8c96894605d): Error starting userland proxy: listen tcp 0.0.0.0:8023: bind: address already in use.,0
24,docker: Error response from daemon: driver failed programming external connectivity on endpoint elastic_williams (d41be30d46cae4865b3fb513c280fca4dd080aa3252c8e0984dad8c96894605d): Error starting userland proxy: listen tcp 0.0.0.0:8024: bind: address already in use.,0
25,docker: Error response from daemon: driver failed programming external connectivity on endpoint elastic_williams (d41be30d46cae4865b3fb513c280fca4dd080aa3252c8e0984dad8c96894605d): Error starting userland proxy: listen tcp 0.0.0.0:8025: bind: address already in use.,0
26,docker: Error response from daemon: driver failed programming external connectivity on endpoint elastic_williams (d41be30d46cae4865b3fb513c280fca4dd080aa3252c8e0984dad8c96894605d): Error starting userland proxy: listen tcp 0.0.0.0:8026: bind: address already in use.,0
27,docker: Error response from daemon: driver failed programming external connectivity on endpoint elastic_williams (d41be30d46cae4865b3fb513c280fca4dd080aa3252c8e0984dad8c96894605d): Error starting userland proxy: listen tcp 0.0.0.0:8027: bind: address already in use.,0
28,docker: Error response from daemon: driver failed programming external connectivity on endpoint elastic_williams (d41be30d46cae4865b3fb513c280fca4dd080aa3252c8e0984dad8c96894605d): Error starting userland proxy: listen tcp 0.0.0.0:8028: bind: address already in use.,0
29,docker: Error response from daemon: driver failed programming external connectivity on endpoint elastic_williams (d41be30d46cae4865b3fb513c280fca4dd080aa3252c8e0984dad8c96894605d): Error starting userland proxy: listen tcp 0.0.0.0:8029: bind: address already in use.,0
30,docker: Error response from daemon: driver failed programming external connectivity on endpoint elastic_williams (d41be30d46cae4865b3fb513c280fca4dd080aa3252c8e0984dad8c96894605d): Error starting userland proxy: listen tcp 0.0.0.0:8030: bind: address already in use.,0
31,docker: Error response from daemon: driver failed programming external connectivity on endpoint elastic_williams (d41be30d46cae4865b3fb513c280fca4dd080aa3252c8e0984dad8c96894605d): Error starting userland proxy: listen tcp 0.0.0.0:8031: bind: address already in use.,0
32,docker: Error response from daemon: driver failed programming external connectivity on endpoint elastic_williams (d41be30d46cae4865b3fb513c280fca4dd080aa3252c8e0984dad8c96894605d): Error starting userland proxy: listen tcp 0.0.0.0:8032: bind: address already in use.,0
33,docker: Error response from daemon: driver failed programming external connectivity on endpoint elastic_williams (d41be30d46cae4865b3fb513c280fca4dd080aa3252c8e0984dad8c96894605d): Error starting userland proxy: listen tcp 0.0.0.0:8033: bind: address already in use.,0
34,docker: Error response from daemon: driver failed programming external connectivity on endpoint elastic_williams (d41be30d46cae4865b3fb513c280fca4dd080aa3252c8e0984dad8c96894605d): Error starting userland proxy: listen tcp 0.0.0.0:8034: bind: address already in use.,0
35,docker: Error response from daemon: driver failed programming external connectivity on endpoint elastic_williams (d41be30d46cae4865b3fb513c280fca4dd080aa3252c8e0984dad8c96894605d): Error starting userland proxy: listen tcp 0.0.0.0:8035: bind: address already in use.,0
36,docker: Error response from daemon: driver failed programming external connectivity on endpoint elastic_williams (d41be30d46cae4865b3fb513c280fca4dd080aa3252c8e0984dad8c96894605d): Error starting userland proxy: listen tcp 0.0.0.0:8036: bind: address already in use.,0
37,docker: Error response from daemon: driver failed programming external connectivity on endpoint elastic_williams (d41be30d46cae4865b3fb513c280fca4dd080aa3252c8e0984dad8c96894605d): Error starting userland proxy: listen tcp 0.0.0.0:8037: bind: address already in use.,0
38,docker: Error response from daemon: driver failed programming external connectivity on endpoint elastic_williams (d41be30d46cae4865b3fb513c280fca4dd080aa3252c8e0984dad8c96894605d): Error starting userland proxy: listen tcp 0.0.0.0:8038: bind: address already in use.,0
39,docker: Error response from daemon: driver failed programming external connectivity on endpoint elastic_williams (d41be30d46cae4865b3fb513c280fca4dd080aa3252c8e0984dad8c96894605d): Error starting userland proxy: listen tcp 0.0.0.0:8039: bind: address already in use.,0
40,docker: Error response from daemon: driver failed programming external connectivity on endpoint elastic_williams (d41be30d46cae4865b3fb513c280fca4dd080aa3252c8e0984dad8c96894605d): Error starting userland proxy: listen tcp 0.0.0.0:8040: bind: address already in use.,0
41,docker: Error response from daemon: driver failed programming external connectivity on endpoint elastic_williams (d41be30d46cae4865b3fb513c280fca4dd080aa3252c8e0984dad8c96894605d): Error starting userland proxy: listen tcp 0.0.0.0:8041: bind: address already in use.,0
42,docker: Error response from daemon: driver failed programming external connectivity on endpoint elastic_williams (d41be30d46cae4865b3fb513c280fca4dd080aa3252c8e0984dad8c96894605d): Error starting userland proxy: listen tcp 0.0.0.0:8042: bind: address already in use.,0
43,docker: Error response from daemon: driver failed programming external connectivity on endpoint elastic_williams (d41be30d46cae4865b3fb513c280fca4dd080aa3252c8e0984dad8c96894605d): Error starting userland proxy: listen tcp 0.0.0.0:8043: bind: address already in use.,0
44,docker: Error response from daemon: driver failed programming external connectivity on endpoint elastic_williams (d41be30d46cae4865b3fb513c280fca4dd080aa3252c8e0984dad8c96894605d): Error starting userland proxy: listen tcp 0.0.0.0:8044: bind: address already in use.,0
45,docker: Error response from daemon: driver failed programming external connectivity on endpoint elastic_williams (d41be30d46cae4865b3fb513c280fca4dd080aa3252c8e0984dad8c96894605d): Error starting userland proxy: listen tcp 0.0.0.0:8045: bind: address already in use.,0
46,docker: Error response from daemon: driver failed programming external connectivity on endpoint elastic_williams (d41be30d46cae4865b3fb513c280fca4dd080aa3252c8e0984dad8c96894605d): Error starting userland proxy: listen tcp 0.0.0.0:8046: bind: address already in use.,0
47,docker: Error response from daemon: driver failed programming external connectivity on endpoint elastic_williams (d41be30d46cae4865b3fb513c280fca4dd080aa3252c8e0984dad8c96894605d): Error starting userland proxy: listen tcp 0.0.0.0:8047: bind: address already in use.,0
48,docker: Error response from daemon: driver failed programming external connectivity on endpoint elastic_williams (d41be30d46cae4865b3fb513c280fca4dd080aa3252c8e0984dad8c96894605d): Error starting userland proxy: listen tcp 0.0.0.0:8048: bind: address already in use.,0
49,docker: Error response from daemon: driver failed programming external connectivity on endpoint elastic_williams (d41be30d46cae4865b3fb513c280fca4dd080aa3252c8e0984dad8c96894605d): Error starting userland proxy: listen tcp 0.0.0.0:8049: bind: address already in use.,0
50,docker: Error response from daemon: driver failed programming external connectivity on endpoint elastic_williams (d41be30d46cae4865b3fb513c280fca4dd080aa3252c8e0984dad8c96894605d): Error starting userland proxy: listen tcp 0.0.0.0:8050: bind: address already in use.,0
51,docker: Error response from daemon: driver failed programming external connectivity on endpoint elastic_williams (d41be30d46cae4865b3fb513c280fca4dd080aa3252c8e0984dad8c96894605d): Error starting userland proxy: listen tcp 0.0.0.0:8051: bind: address already in use.,0
52,docker: Error response from daemon: driver failed programming external connectivity on endpoint elastic_williams (d41be30d46cae4865b3fb513c280fca4dd080aa3252c8e0984dad8c96894605d): Error starting userland proxy: listen tcp 0.0.0.0:8052: bind: address already in use.,0
53,docker: Error response from daemon: driver failed programming external connectivity on endpoint elastic_williams (d41be30d46cae4865b3fb513c280fca4dd080aa3252c8e0984dad8c96894605d): Error starting userland proxy: listen tcp 0.0.0.0:8053: bind: address already in use.,0
54,docker: Error response from daemon: driver failed programming external connectivity on endpoint elastic_williams (d41be30d46cae4865b3fb513c280fca4dd080aa3252c8e0984dad8c96894605d): Error starting userland proxy: listen tcp 0.0.0.0:8054: bind: address already in use.,0
55,docker: Error response from daemon: driver failed programming external connectivity on endpoint elastic_williams (d41be30d46cae4865b3fb513c280fca4dd080aa3252c8e0984dad8c96894605d): Error starting userland proxy: listen tcp 0.0.0.0:8055: bind: address already in use.,0
56,docker: Error response from daemon: driver failed programming external connectivity on endpoint elastic_williams (d41be30d46cae4865b3fb513c280fca4dd080aa3252c8e0984dad8c96894605d): Error starting userland proxy: listen tcp 0.0.0.0:8056: bind: address already in use.,0
57,docker: Error response from daemon: driver failed programming external connectivity on endpoint elastic_williams (d41be30d46cae4865b3fb513c280fca4dd080aa3252c8e0984dad8c96894605d): Error starting userland proxy: listen tcp 0.0.0.0:8057: bind: address already in use.,0
58,docker: Error response from daemon: driver failed programming external connectivity on endpoint elastic_williams (d41be30d46cae4865b3fb513c280fca4dd080aa3252c8e0984dad8c96894605d): Error starting userland proxy: listen tcp 0.0.0.0:8058: bind: address already in use.,0
59,docker: Error response from daemon: driver failed programming external connectivity on endpoint elastic_williams (d41be30d46cae4865b3fb513c280fca4dd080aa3252c8e0984dad8c96894605d): Error starting userland proxy: listen tcp 0.0.0.0:8059: bind: address already in use.,0
60,docker: Error response from daemon: driver failed programming external connectivity on endpoint elastic_williams (d41be30d46cae4865b3fb513c280fca4dd080aa3252c8e0984dad8c96894605d): Error starting userland proxy: listen tcp 0.0.0.0:8060: bind: address already in use.,0
61,docker: Error response from daemon: driver failed programming external connectivity on endpoint elastic_williams (d41be30d46cae4865b3fb513c280fca4dd080aa3252c8e0984dad8c96894605d): Error starting userland proxy: listen tcp 0.0.0.0:8061: bind: address already in use.,0
62,docker: Error response from daemon: driver failed programming external connectivity on endpoint elastic_williams (d41be30d46cae4865b3fb513c280fca4dd080aa3252c8e0984dad8c96894605d): Error starting userland proxy: listen tcp 0.0.0.0:8062: bind: address already in use.,0
63,docker: Error response from daemon: driver failed programming external connectivity on endpoint elastic_williams (d41be30d46cae4865b3fb513c280fca4dd080aa3252c8e0984dad8c96894605d): Error starting userland proxy: listen tcp 0.0.0.0:8063: bind: address already in use.,0
64,docker: Error response from daemon: driver failed programming external connectivity on endpoint elastic_williams (d41be30d46cae4865b3fb513c280fca4dd080aa3252c8e0984dad8c96894605d): Error starting userland proxy: listen tcp 0.0.0.0:8064: bind: address already in use.,0
65,docker: Error response from daemon: driver failed programming external connectivity on endpoint elastic_williams (d41be30d46cae4865b3fb513c280fca4dd080aa3252c8e0984dad8c96894605d): Error starting userland proxy: listen tcp 0.0.0.0:8065: bind: address already in use.,0
66,docker: Error response from daemon: driver failed programming external connectivity on endpoint elastic_williams (d41be30d46cae4865b3fb513c280fca4dd080aa3252c8e0984dad8c96894605d): Error starting userland proxy: listen tcp 0.0.0.0:8066: bind: address already in use.,0
67,docker: Error response from daemon: driver failed programming external connectivity on endpoint elastic_williams (d41be30d46cae4865b3fb513c280fca4dd080aa3252c8e0984dad8c96894605d): Error starting userland proxy: listen tcp 0.0.0.0:8067: bind: address already in use.,0
68,docker: Error response from daemon: driver failed programming external connectivity on endpoint elastic_williams (d41be30d46cae4865b3fb513c280fca4dd080aa3252c8e0984dad8c96894605d): Error starting userland proxy: listen tcp 0.0.0.0:8068: bind: address already in use.,0
69,docker: Error response from daemon: driver failed programming external connectivity on endpoint elastic_williams (d41be30d46cae4865b3fb513c280fca4dd080aa3252c8e0984dad8c96894605d): Error starting userland proxy: listen tcp 0.0.0.0:8069: bind: address already in use.,0
70,docker: Error response from daemon: driver failed programming external connectivity on endpoint elastic_williams (d41be30d46cae4865b3fb513c280fca4dd080aa3252c8e0984dad8c96894605d): Error starting userland proxy: listen tcp 0.0.0.0:8070: bind: address already in use.,0
71,docker: Error response from daemon: driver failed programming external connectivity on endpoint elastic_williams (d41be30d46cae4865b3fb513c280fca4dd080aa3252c8e0984dad8c96894605d): Error starting userland proxy: listen tcp 0.0.0.0:8071: bind: address already in use.,0
72,docker: Error response from daemon: driver failed programming external connectivity on endpoint elastic_williams (d41be30d46cae4865b3fb513c280fca4dd080aa3252c8e0984dad8c96894605d): Error starting userland proxy: listen tcp 0.0.0.0:8072: bind: address already in use.,0
73,docker: Error response from daemon: driver failed programming external connectivity on endpoint elastic_williams (d41be30d46cae4865b3fb513c280fca4dd080aa3252c8e0984dad8c96894605d): Error starting userland proxy: listen tcp 0.0.0.0:8073: bind: address already in use.,0
74,docker: Error response from daemon: driver failed programming external connectivity on endpoint elastic_williams (d41be30d46cae4865b3fb513c280fca4dd080aa3252c8e0984dad8c96894605d): Error starting userland proxy: listen tcp 0.0.0.0:8074: bind: address already in use.,0
75,docker: Error response from daemon: driver failed programming external connectivity on endpoint elastic_williams (d41be30d46cae4865b3fb513c280fca4dd080aa3252c8e0984dad8c96894605d): Error starting userland proxy: listen tcp 0.0.0.0:8075: bind: address already in use.,0
76,docker: Error response from daemon: driver failed programming external connectivity on endpoint elastic_williams (d41be30d46cae4865b3fb513c280fca4dd080aa3252c8e0984dad8c96894605d): Error starting userland proxy: listen tcp 0.0.0.0:8076: bind: address already in use.,0
77,docker: Error response from daemon: driver failed programming external connectivity on endpoint elastic_williams (d41be30d46cae4865b3fb513c280fca4dd080aa3252c8e0984dad8c96894605d): Error starting userland proxy: listen tcp 0.0.0.0:8077: bind: address already in use.,0
78,docker: Error response from daemon: driver failed programming external connectivity on endpoint elastic_williams (d41be30d46cae4865b3fb513c280fca4dd080aa3252c8e0984dad8c96894605d): Error starting userland proxy: listen tcp 0.0.0.0:8078: bind: address already in use.,0
79,docker: Error response from daemon: driver failed programming external connectivity on endpoint elastic_williams (d41be30d46cae4865b3fb513c280fca4dd080aa3252c8e0984dad8c96894605d): Error starting userland proxy: listen tcp 0.0.0.0:8079: bind: address already in use.,0
80,docker: Error response from daemon: driver failed programming external connectivity on endpoint elastic_williams (d41be30d46cae4865b3fb513c280fca4dd080aa3252c8e0984dad8c96894605d): Error starting userland proxy: listen tcp 0.0.0.0:8080: bind: address already in use.,0
81,[ERROR] Failed to execute goal org.springframework.boot:spring-boot-maven-plugin:2.1.1.RELEASE:run (default-cli) on project boot-camp-delivery: An exception occurred while running. null: InvocationTargetException: Connector configured to listen on port 8000 failed to start,0
82,[ERROR] Failed to execute goal org.springframework.boot:spring-boot-maven-plugin:2.1.1.RELEASE:run (default-cli) on project boot-camp-delivery: An exception occurred while running. null: InvocationTargetException: Connector configured to listen on port 8001 failed to start,0
83,[ERROR] Failed to execute goal org.springframework.boot:spring-boot-maven-plugin:2.1.1.RELEASE:run (default-cli) on project boot-camp-delivery: An exception occurred while running. null: InvocationTargetException: Connector configured to listen on port 8002 failed to start,0
84,[ERROR] Failed to execute goal org.springframework.boot:spring-boot-maven-plugin:2.1.1.RELEASE:run (default-cli) on project boot-camp-delivery: An exception occurred while running. null: InvocationTargetException: Connector configured to listen on port 8003 failed to start,0
85,[ERROR] Failed to execute goal org.springframework.boot:spring-boot-maven-plugin:2.1.1.RELEASE:run (default-cli) on project boot-camp-delivery: An exception occurred while running. null: InvocationTargetException: Connector configured to listen on port 8004 failed to start,0
86,[ERROR] Failed to execute goal org.springframework.boot:spring-boot-maven-plugin:2.1.1.RELEASE:run (default-cli) on project boot-camp-delivery: An exception occurred while running. null: InvocationTargetException: Connector configured to listen on port 8005 failed to start,0
87,[ERROR] Failed to execute goal org.springframework.boot:spring-boot-maven-plugin:2.1.1.RELEASE:run (default-cli) on project boot-camp-delivery: An exception occurred while running. null: InvocationTargetException: Connector configured to listen on port 8006 failed to start,0
88,[ERROR] Failed to execute goal org.springframework.boot:spring-boot-maven-plugin:2.1.1.RELEASE:run (default-cli) on project boot-camp-delivery: An exception occurred while running. null: InvocationTargetException: Connector configured to listen on port 8007 failed to start,0
89,[ERROR] Failed to execute goal org.springframework.boot:spring-boot-maven-plugin:2.1.1.RELEASE:run (default-cli) on project boot-camp-delivery: An exception occurred while running. null: InvocationTargetException: Connector configured to listen on port 8008 failed to start,0
90,[ERROR] Failed to execute goal org.springframework.boot:spring-boot-maven-plugin:2.1.1.RELEASE:run (default-cli) on project boot-camp-delivery: An exception occurred while running. null: InvocationTargetException: Connector configured to listen on port 8009 failed to start,0
91,[ERROR] Failed to execute goal org.springframework.boot:spring-boot-maven-plugin:2.1.1.RELEASE:run (default-cli) on project boot-camp-delivery: An exception occurred while running. null: InvocationTargetException: Connector configured to listen on port 8010 failed to start,0
92,[ERROR] Failed to execute goal org.springframework.boot:spring-boot-maven-plugin:2.1.1.RELEASE:run (default-cli) on project boot-camp-delivery: An exception occurred while running. null: InvocationTargetException: Connector configured to listen on port 8011 failed to start,0
93,[ERROR] Failed to execute goal org.springframework.boot:spring-boot-maven-plugin:2.1.1.RELEASE:run (default-cli) on project boot-camp-delivery: An exception occurred while running. null: InvocationTargetException: Connector configured to listen on port 8012 failed to start,0
94,[ERROR] Failed to execute goal org.springframework.boot:spring-boot-maven-plugin:2.1.1.RELEASE:run (default-cli) on project boot-camp-delivery: An exception occurred while running. null: InvocationTargetException: Connector configured to listen on port 8013 failed to start,0
95,[ERROR] Failed to execute goal org.springframework.boot:spring-boot-maven-plugin:2.1.1.RELEASE:run (default-cli) on project boot-camp-delivery: An exception occurred while running. null: InvocationTargetException: Connector configured to listen on port 8014 failed to start,0
96,[ERROR] Failed to execute goal org.springframework.boot:spring-boot-maven-plugin:2.1.1.RELEASE:run (default-cli) on project boot-camp-delivery: An exception occurred while running. null: InvocationTargetException: Connector configured to listen on port 8015 failed to start,0
97,[ERROR] Failed to execute goal org.springframework.boot:spring-boot-maven-plugin:2.1.1.RELEASE:run (default-cli) on project boot-camp-delivery: An exception occurred while running. null: InvocationTargetException: Connector configured to listen on port 8016 failed to start,0
98,[ERROR] Failed to execute goal org.springframework.boot:spring-boot-maven-plugin:2.1.1.RELEASE:run (default-cli) on project boot-camp-delivery: An exception occurred while running. null: InvocationTargetException: Connector configured to listen on port 8017 failed to start,0
99,[ERROR] Failed to execute goal org.springframework.boot:spring-boot-maven-plugin:2.1.1.RELEASE:run (default-cli) on project boot-camp-delivery: An exception occurred while running. null: InvocationTargetException: Connector configured to listen on port 8018 failed to start,0
100,[ERROR] Failed to execute goal org.springframework.boot:spring-boot-maven-plugin:2.1.1.RELEASE:run (default-cli) on project boot-camp-delivery: An exception occurred while running. null: InvocationTargetException: Connector configured to listen on port 8019 failed to start,0
101,[ERROR] Failed to execute goal org.springframework.boot:spring-boot-maven-plugin:2.1.1.RELEASE:run (default-cli) on project boot-camp-delivery: An exception occurred while running. null: InvocationTargetException: Connector configured to listen on port 8020 failed to start,0
102,[ERROR] Failed to execute goal org.springframework.boot:spring-boot-maven-plugin:2.1.1.RELEASE:run (default-cli) on project boot-camp-delivery: An exception occurred while running. null: InvocationTargetException: Connector configured to listen on port 8021 failed to start,0
103,[ERROR] Failed to execute goal org.springframework.boot:spring-boot-maven-plugin:2.1.1.RELEASE:run (default-cli) on project boot-camp-delivery: An exception occurred while running. null: InvocationTargetException: Connector configured to listen on port 8022 failed to start,0
104,[ERROR] Failed to execute goal org.springframework.boot:spring-boot-maven-plugin:2.1.1.RELEASE:run (default-cli) on project boot-camp-delivery: An exception occurred while running. null: InvocationTargetException: Connector configured to listen on port 8023 failed to start,0
105,[ERROR] Failed to execute goal org.springframework.boot:spring-boot-maven-plugin:2.1.1.RELEASE:run (default-cli) on project boot-camp-delivery: An exception occurred while running. null: InvocationTargetException: Connector configured to listen on port 8024 failed to start,0
106,[ERROR] Failed to execute goal org.springframework.boot:spring-boot-maven-plugin:2.1.1.RELEASE:run (default-cli) on project boot-camp-delivery: An exception occurred while running. null: InvocationTargetException: Connector configured to listen on port 8025 failed to start,0
107,[ERROR] Failed to execute goal org.springframework.boot:spring-boot-maven-plugin:2.1.1.RELEASE:run (default-cli) on project boot-camp-delivery: An exception occurred while running. null: InvocationTargetException: Connector configured to listen on port 8026 failed to start,0
108,[ERROR] Failed to execute goal org.springframework.boot:spring-boot-maven-plugin:2.1.1.RELEASE:run (default-cli) on project boot-camp-delivery: An exception occurred while running. null: InvocationTargetException: Connector configured to listen on port 8027 failed to start,0
109,[ERROR] Failed to execute goal org.springframework.boot:spring-boot-maven-plugin:2.1.1.RELEASE:run (default-cli) on project boot-camp-delivery: An exception occurred while running. null: InvocationTargetException: Connector configured to listen on port 8028 failed to start,0
110,[ERROR] Failed to execute goal org.springframework.boot:spring-boot-maven-plugin:2.1.1.RELEASE:run (default-cli) on project boot-camp-delivery: An exception occurred while running. null: InvocationTargetException: Connector configured to listen on port 8029 failed to start,0
111,[ERROR] Failed to execute goal org.springframework.boot:spring-boot-maven-plugin:2.1.1.RELEASE:run (default-cli) on project boot-camp-delivery: An exception occurred while running. null: InvocationTargetException: Connector configured to listen on port 8030 failed to start,0
112,[ERROR] Failed to execute goal org.springframework.boot:spring-boot-maven-plugin:2.1.1.RELEASE:run (default-cli) on project boot-camp-delivery: An exception occurred while running. null: InvocationTargetException: Connector configured to listen on port 8031 failed to start,0
113,[ERROR] Failed to execute goal org.springframework.boot:spring-boot-maven-plugin:2.1.1.RELEASE:run (default-cli) on project boot-camp-delivery: An exception occurred while running. null: InvocationTargetException: Connector configured to listen on port 8032 failed to start,0
114,[ERROR] Failed to execute goal org.springframework.boot:spring-boot-maven-plugin:2.1.1.RELEASE:run (default-cli) on project boot-camp-delivery: An exception occurred while running. null: InvocationTargetException: Connector configured to listen on port 8033 failed to start,0
115,[ERROR] Failed to execute goal org.springframework.boot:spring-boot-maven-plugin:2.1.1.RELEASE:run (default-cli) on project boot-camp-delivery: An exception occurred while running. null: InvocationTargetException: Connector configured to listen on port 8034 failed to start,0
116,[ERROR] Failed to execute goal org.springframework.boot:spring-boot-maven-plugin:2.1.1.RELEASE:run (default-cli) on project boot-camp-delivery: An exception occurred while running. null: InvocationTargetException: Connector configured to listen on port 8035 failed to start,0
117,[ERROR] Failed to execute goal org.springframework.boot:spring-boot-maven-plugin:2.1.1.RELEASE:run (default-cli) on project boot-camp-delivery: An exception occurred while running. null: InvocationTargetException: Connector configured to listen on port 8036 failed to start,0
118,[ERROR] Failed to execute goal org.springframework.boot:spring-boot-maven-plugin:2.1.1.RELEASE:run (default-cli) on project boot-camp-delivery: An exception occurred while running. null: InvocationTargetException: Connector configured to listen on port 8037 failed to start,0
119,[ERROR] Failed to execute goal org.springframework.boot:spring-boot-maven-plugin:2.1.1.RELEASE:run (default-cli) on project boot-camp-delivery: An exception occurred while running. null: InvocationTargetException: Connector configured to listen on port 8038 failed to start,0
120,[ERROR] Failed to execute goal org.springframework.boot:spring-boot-maven-plugin:2.1.1.RELEASE:run (default-cli) on project boot-camp-delivery: An exception occurred while running. null: InvocationTargetException: Connector configured to listen on port 8039 failed to start,0
121,[ERROR] Failed to execute goal org.springframework.boot:spring-boot-maven-plugin:2.1.1.RELEASE:run (default-cli) on project boot-camp-delivery: An exception occurred while running. null: InvocationTargetException: Connector configured to listen on port 8040 failed to start,0
122,[ERROR] Failed to execute goal org.springframework.boot:spring-boot-maven-plugin:2.1.1.RELEASE:run (default-cli) on project boot-camp-delivery: An exception occurred while running. null: InvocationTargetException: Connector configured to listen on port 8041 failed to start,0
123,[ERROR] Failed to execute goal org.springframework.boot:spring-boot-maven-plugin:2.1.1.RELEASE:run (default-cli) on project boot-camp-delivery: An exception occurred while running. null: InvocationTargetException: Connector configured to listen on port 8042 failed to start,0
124,[ERROR] Failed to execute goal org.springframework.boot:spring-boot-maven-plugin:2.1.1.RELEASE:run (default-cli) on project boot-camp-delivery: An exception occurred while running. null: InvocationTargetException: Connector configured to listen on port 8043 failed to start,0
125,[ERROR] Failed to execute goal org.springframework.boot:spring-boot-maven-plugin:2.1.1.RELEASE:run (default-cli) on project boot-camp-delivery: An exception occurred while running. null: InvocationTargetException: Connector configured to listen on port 8044 failed to start,0
126,[ERROR] Failed to execute goal org.springframework.boot:spring-boot-maven-plugin:2.1.1.RELEASE:run (default-cli) on project boot-camp-delivery: An exception occurred while running. null: InvocationTargetException: Connector configured to listen on port 8045 failed to start,0
127,[ERROR] Failed to execute goal org.springframework.boot:spring-boot-maven-plugin:2.1.1.RELEASE:run (default-cli) on project boot-camp-delivery: An exception occurred while running. null: InvocationTargetException: Connector configured to listen on port 8046 failed to start,0
128,[ERROR] Failed to execute goal org.springframework.boot:spring-boot-maven-plugin:2.1.1.RELEASE:run (default-cli) on project boot-camp-delivery: An exception occurred while running. null: InvocationTargetException: Connector configured to listen on port 8047 failed to start,0
129,[ERROR] Failed to execute goal org.springframework.boot:spring-boot-maven-plugin:2.1.1.RELEASE:run (default-cli) on project boot-camp-delivery: An exception occurred while running. null: InvocationTargetException: Connector configured to listen on port 8048 failed to start,0
130,[ERROR] Failed to execute goal org.springframework.boot:spring-boot-maven-plugin:2.1.1.RELEASE:run (default-cli) on project boot-camp-delivery: An exception occurred while running. null: InvocationTargetException: Connector configured to listen on port 8049 failed to start,0
131,[ERROR] Failed to execute goal org.springframework.boot:spring-boot-maven-plugin:2.1.1.RELEASE:run (default-cli) on project boot-camp-delivery: An exception occurred while running. null: InvocationTargetException: Connector configured to listen on port 8050 failed to start,0
132,[ERROR] Failed to execute goal org.springframework.boot:spring-boot-maven-plugin:2.1.1.RELEASE:run (default-cli) on project boot-camp-delivery: An exception occurred while running. null: InvocationTargetException: Connector configured to listen on port 8051 failed to start,0
133,[ERROR] Failed to execute goal org.springframework.boot:spring-boot-maven-plugin:2.1.1.RELEASE:run (default-cli) on project boot-camp-delivery: An exception occurred while running. null: InvocationTargetException: Connector configured to listen on port 8052 failed to start,0
134,[ERROR] Failed to execute goal org.springframework.boot:spring-boot-maven-plugin:2.1.1.RELEASE:run (default-cli) on project boot-camp-delivery: An exception occurred while running. null: InvocationTargetException: Connector configured to listen on port 8053 failed to start,0
135,[ERROR] Failed to execute goal org.springframework.boot:spring-boot-maven-plugin:2.1.1.RELEASE:run (default-cli) on project boot-camp-delivery: An exception occurred while running. null: InvocationTargetException: Connector configured to listen on port 8054 failed to start,0
136,[ERROR] Failed to execute goal org.springframework.boot:spring-boot-maven-plugin:2.1.1.RELEASE:run (default-cli) on project boot-camp-delivery: An exception occurred while running. null: InvocationTargetException: Connector configured to listen on port 8055 failed to start,0
137,[ERROR] Failed to execute goal org.springframework.boot:spring-boot-maven-plugin:2.1.1.RELEASE:run (default-cli) on project boot-camp-delivery: An exception occurred while running. null: InvocationTargetException: Connector configured to listen on port 8056 failed to start,0
138,[ERROR] Failed to execute goal org.springframework.boot:spring-boot-maven-plugin:2.1.1.RELEASE:run (default-cli) on project boot-camp-delivery: An exception occurred while running. null: InvocationTargetException: Connector configured to listen on port 8057 failed to start,0
139,[ERROR] Failed to execute goal org.springframework.boot:spring-boot-maven-plugin:2.1.1.RELEASE:run (default-cli) on project boot-camp-delivery: An exception occurred while running. null: InvocationTargetException: Connector configured to listen on port 8058 failed to start,0
140,[ERROR] Failed to execute goal org.springframework.boot:spring-boot-maven-plugin:2.1.1.RELEASE:run (default-cli) on project boot-camp-delivery: An exception occurred while running. null: InvocationTargetException: Connector configured to listen on port 8059 failed to start,0
141,[ERROR] Failed to execute goal org.springframework.boot:spring-boot-maven-plugin:2.1.1.RELEASE:run (default-cli) on project boot-camp-delivery: An exception occurred while running. null: InvocationTargetException: Connector configured to listen on port 8060 failed to start,0
142,[ERROR] Failed to execute goal org.springframework.boot:spring-boot-maven-plugin:2.1.1.RELEASE:run (default-cli) on project boot-camp-delivery: An exception occurred while running. null: InvocationTargetException: Connector configured to listen on port 8061 failed to start,0
143,[ERROR] Failed to execute goal org.springframework.boot:spring-boot-maven-plugin:2.1.1.RELEASE:run (default-cli) on project boot-camp-delivery: An exception occurred while running. null: InvocationTargetException: Connector configured to listen on port 8062 failed to start,0
144,[ERROR] Failed to execute goal org.springframework.boot:spring-boot-maven-plugin:2.1.1.RELEASE:run (default-cli) on project boot-camp-delivery: An exception occurred while running. null: InvocationTargetException: Connector configured to listen on port 8063 failed to start,0
145,[ERROR] Failed to execute goal org.springframework.boot:spring-boot-maven-plugin:2.1.1.RELEASE:run (default-cli) on project boot-camp-delivery: An exception occurred while running. null: InvocationTargetException: Connector configured to listen on port 8064 failed to start,0
146,[ERROR] Failed to execute goal org.springframework.boot:spring-boot-maven-plugin:2.1.1.RELEASE:run (default-cli) on project boot-camp-delivery: An exception occurred while running. null: InvocationTargetException: Connector configured to listen on port 8065 failed to start,0
147,[ERROR] Failed to execute goal org.springframework.boot:spring-boot-maven-plugin:2.1.1.RELEASE:run (default-cli) on project boot-camp-delivery: An exception occurred while running. null: InvocationTargetException: Connector configured to listen on port 8066 failed to start,0
148,[ERROR] Failed to execute goal org.springframework.boot:spring-boot-maven-plugin:2.1.1.RELEASE:run (default-cli) on project boot-camp-delivery: An exception occurred while running. null: InvocationTargetException: Connector configured to listen on port 8067 failed to start,0
149,[ERROR] Failed to execute goal org.springframework.boot:spring-boot-maven-plugin:2.1.1.RELEASE:run (default-cli) on project boot-camp-delivery: An exception occurred while running. null: InvocationTargetException: Connector configured to listen on port 8068 failed to start,0
150,[ERROR] Failed to execute goal org.springframework.boot:spring-boot-maven-plugin:2.1.1.RELEASE:run (default-cli) on project boot-camp-delivery: An exception occurred while running. null: InvocationTargetException: Connector configured to listen on port 8069 failed to start,0
151,[ERROR] Failed to execute goal org.springframework.boot:spring-boot-maven-plugin:2.1.1.RELEASE:run (default-cli) on project boot-camp-delivery: An exception occurred while running. null: InvocationTargetException: Connector configured to listen on port 8070 failed to start,0
152,[ERROR] Failed to execute goal org.springframework.boot:spring-boot-maven-plugin:2.1.1.RELEASE:run (default-cli) on project boot-camp-delivery: An exception occurred while running. null: InvocationTargetException: Connector configured to listen on port 8071 failed to start,0
153,[ERROR] Failed to execute goal org.springframework.boot:spring-boot-maven-plugin:2.1.1.RELEASE:run (default-cli) on project boot-camp-delivery: An exception occurred while running. null: InvocationTargetException: Connector configured to listen on port 8072 failed to start,0
154,[ERROR] Failed to execute goal org.springframework.boot:spring-boot-maven-plugin:2.1.1.RELEASE:run (default-cli) on project boot-camp-delivery: An exception occurred while running. null: InvocationTargetException: Connector configured to listen on port 8073 failed to start,0
155,[ERROR] Failed to execute goal org.springframework.boot:spring-boot-maven-plugin:2.1.1.RELEASE:run (default-cli) on project boot-camp-delivery: An exception occurred while running. null: InvocationTargetException: Connector configured to listen on port 8074 failed to start,0
156,[ERROR] Failed to execute goal org.springframework.boot:spring-boot-maven-plugin:2.1.1.RELEASE:run (default-cli) on project boot-camp-delivery: An exception occurred while running. null: InvocationTargetException: Connector configured to listen on port 8075 failed to start,0
157,[ERROR] Failed to execute goal org.springframework.boot:spring-boot-maven-plugin:2.1.1.RELEASE:run (default-cli) on project boot-camp-delivery: An exception occurred while running. null: InvocationTargetException: Connector configured to listen on port 8076 failed to start,0
158,[ERROR] Failed to execute goal org.springframework.boot:spring-boot-maven-plugin:2.1.1.RELEASE:run (default-cli) on project boot-camp-delivery: An exception occurred while running. null: InvocationTargetException: Connector configured to listen on port 8077 failed to start,0
159,[ERROR] Failed to execute goal org.springframework.boot:spring-boot-maven-plugin:2.1.1.RELEASE:run (default-cli) on project boot-camp-delivery: An exception occurred while running. null: InvocationTargetException: Connector configured to listen on port 8078 failed to start,0
160,[ERROR] Failed to execute goal org.springframework.boot:spring-boot-maven-plugin:2.1.1.RELEASE:run (default-cli) on project boot-camp-delivery: An exception occurred while running. null: InvocationTargetException: Connector configured to listen on port 8079 failed to start,0
161,[ERROR] Failed to execute goal org.springframework.boot:spring-boot-maven-plugin:2.1.1.RELEASE:run (default-cli) on project boot-camp-delivery: An exception occurred while running. null: InvocationTargetException: Connector configured to listen on port 8080 failed to start,0
162,Error starting userland proxy: Bind for 0.0.0.0:5400 failed: port is already allocated,0
163,Error starting userland proxy: Bind for 0.0.0.0:5401 failed: port is already allocated,0
164,Error starting userland proxy: Bind for 0.0.0.0:5402 failed: port is already allocated,0
165,Error starting userland proxy: Bind for 0.0.0.0:5403 failed: port is already allocated,0
166,Error starting userland proxy: Bind for 0.0.0.0:5404 failed: port is already allocated,0
167,Error starting userland proxy: Bind for 0.0.0.0:5405 failed: port is already allocated,0
168,Error starting userland proxy: Bind for 0.0.0.0:5406 failed: port is already allocated,0
169,Error starting userland proxy: Bind for 0.0.0.0:5407 failed: port is already allocated,0
170,Error starting userland proxy: Bind for 0.0.0.0:5408 failed: port is already allocated,0
171,Error starting userland proxy: Bind for 0.0.0.0:5409 failed: port is already allocated,0
172,Error starting userland proxy: Bind for 0.0.0.0:5410 failed: port is already allocated,0
173,Error starting userland proxy: Bind for 0.0.0.0:5411 failed: port is already allocated,0
174,Error starting userland proxy: Bind for 0.0.0.0:5412 failed: port is already allocated,0
175,Error starting userland proxy: Bind for 0.0.0.0:5413 failed: port is already allocated,0
176,Error starting userland proxy: Bind for 0.0.0.0:5414 failed: port is already allocated,0
177,Error starting userland proxy: Bind for 0.0.0.0:5415 failed: port is already allocated,0
178,Error starting userland proxy: Bind for 0.0.0.0:5416 failed: port is already allocated,0
179,Error starting userland proxy: Bind for 0.0.0.0:5417 failed: port is already allocated,0
180,Error starting userland proxy: Bind for 0.0.0.0:5418 failed: port is already allocated,0
181,Error starting userland proxy: Bind for 0.0.0.0:5419 failed: port is already allocated,0
182,Error starting userland proxy: Bind for 0.0.0.0:5420 failed: port is already allocated,0
183,Error starting userland proxy: Bind for 0.0.0.0:5421 failed: port is already allocated,0
184,Error starting userland proxy: Bind for 0.0.0.0:5422 failed: port is already allocated,0
185,Error starting userland proxy: Bind for 0.0.0.0:5423 failed: port is already allocated,0
186,Error starting userland proxy: Bind for 0.0.0.0:5424 failed: port is already allocated,0
187,Error starting userland proxy: Bind for 0.0.0.0:5425 failed: port is already allocated,0
188,Error starting userland proxy: Bind for 0.0.0.0:5426 failed: port is already allocated,0
189,Error starting userland proxy: Bind for 0.0.0.0:5427 failed: port is already allocated,0
190,Error starting userland proxy: Bind for 0.0.0.0:5428 failed: port is already allocated,0
191,Error starting userland proxy: Bind for 0.0.0.0:5429 failed: port is already allocated,0
192,Error starting userland proxy: Bind for 0.0.0.0:5430 failed: port is already allocated,0
193,Error starting userland proxy: Bind for 0.0.0.0:5431 failed: port is already allocated,0
194,Error starting userland proxy: Bind for 0.0.0.0:5432 failed: port is already allocated,0
195,Error starting userland proxy: Bind for 0.0.0.0:5433 failed: port is already allocated,0
196,Error starting userland proxy: Bind for 0.0.0.0:5434 failed: port is already allocated,0
197,Error starting userland proxy: Bind for 0.0.0.0:5435 failed: port is already allocated,0
198,Error starting userland proxy: Bind for 0.0.0.0:5436 failed: port is already allocated,0
199,Error starting userland proxy: Bind for 0.0.0.0:5437 failed: port is already allocated,0
200,Error starting userland proxy: Bind for 0.0.0.0:5438 failed: port is already allocated,0
201,Error starting userland proxy: Bind for 0.0.0.0:5439 failed: port is already allocated,0
202,Error starting userland proxy: Bind for 0.0.0.0:5440 failed: port is already allocated,0
203,Error starting userland proxy: Bind for 0.0.0.0:5441 failed: port is already allocated,0
204,Error starting userland proxy: Bind for 0.0.0.0:5442 failed: port is already allocated,0
205,Error starting userland proxy: Bind for 0.0.0.0:5443 failed: port is already allocated,0
206,Error starting userland proxy: Bind for 0.0.0.0:5444 failed: port is already allocated,0
207,Error starting userland proxy: Bind for 0.0.0.0:5445 failed: port is already allocated,0
208,Error starting userland proxy: Bind for 0.0.0.0:5446 failed: port is already allocated,0
209,Error starting userland proxy: Bind for 0.0.0.0:5447 failed: port is already allocated,0
210,Error starting userland proxy: Bind for 0.0.0.0:5448 failed: port is already allocated,0
211,Error starting userland proxy: Bind for 0.0.0.0:5449 failed: port is already allocated,0
212,Error starting userland proxy: Bind for 0.0.0.0:5450 failed: port is already allocated,0
213,Error starting userland proxy: Bind for 0.0.0.0:5451 failed: port is already allocated,0
214,Error starting userland proxy: Bind for 0.0.0.0:5452 failed: port is already allocated,0
215,Error starting userland proxy: Bind for 0.0.0.0:5453 failed: port is already allocated,0
216,Error starting userland proxy: Bind for 0.0.0.0:5454 failed: port is already allocated,0
217,Error starting userland proxy: Bind for 0.0.0.0:5455 failed: port is already allocated,0
218,Error starting userland proxy: Bind for 0.0.0.0:5456 failed: port is already allocated,0
219,Error starting userland proxy: Bind for 0.0.0.0:5457 failed: port is already allocated,0
220,Error starting userland proxy: Bind for 0.0.0.0:5458 failed: port is already allocated,0
221,Error starting userland proxy: Bind for 0.0.0.0:5459 failed: port is already allocated,0
222,Error starting userland proxy: Bind for 0.0.0.0:5460 failed: port is already allocated,0
223,Error starting userland proxy: Bind for 0.0.0.0:5461 failed: port is already allocated,0
224,Error starting userland proxy: Bind for 0.0.0.0:5462 failed: port is already allocated,0
225,Error starting userland proxy: Bind for 0.0.0.0:5463 failed: port is already allocated,0
226,Error starting userland proxy: Bind for 0.0.0.0:5464 failed: port is already allocated,0
227,Error starting userland proxy: Bind for 0.0.0.0:5465 failed: port is already allocated,0
228,Error starting userland proxy: Bind for 0.0.0.0:5466 failed: port is already allocated,0
229,Error starting userland proxy: Bind for 0.0.0.0:5467 failed: port is already allocated,0
230,Error starting userland proxy: Bind for 0.0.0.0:5468 failed: port is already allocated,0
231,Error starting userland proxy: Bind for 0.0.0.0:5469 failed: port is already allocated,0
232,Error starting userland proxy: Bind for 0.0.0.0:5470 failed: port is already allocated,0
233,Error starting userland proxy: Bind for 0.0.0.0:5471 failed: port is already allocated,0
234,Error starting userland proxy: Bind for 0.0.0.0:5472 failed: port is already allocated,0
235,Error starting userland proxy: Bind for 0.0.0.0:5473 failed: port is already allocated,0
236,Error starting userland proxy: Bind for 0.0.0.0:5474 failed: port is already allocated,0
237,Error starting userland proxy: Bind for 0.0.0.0:5475 failed: port is already allocated,0
238,Error starting userland proxy: Bind for 0.0.0.0:5476 failed: port is already allocated,0
239,Error starting userland proxy: Bind for 0.0.0.0:5477 failed: port is already allocated,0
240,Error starting userland proxy: Bind for 0.0.0.0:5478 failed: port is already allocated,0
241,Error starting userland proxy: Bind for 0.0.0.0:5479 failed: port is already allocated,0
242,Error starting userland proxy: Bind for 0.0.0.0:5480 failed: port is already allocated,0
243,no route(unreachable),1
244,connection timed out,1
245,curl: connection refused,1
246,PullImage 'nginx:0.00' from image service failed: rpc error: code = Unknown desc = Error response from daemon: manifest for nginx:0.00 not found,1
247,PullImage 'apache:0.00' from image service failed: rpc error: code = Unknown desc = Error response from daemon: manifest for apache:0.00 not found,1
248,PullImage 'wordpress:0.00' from image service failed: rpc error: code = Unknown desc = Error response from daemon: manifest for wordpress:0.00 not found,1
249,PullImage 'nginx:0.01' from image service failed: rpc error: code = Unknown desc = Error response from daemon: manifest for nginx:0.01 not found,1
250,PullImage 'apache:0.01' from image service failed: rpc error: code = Unknown desc = Error response from daemon: manifest for apache:0.01 not found,1
251,PullImage 'wordpress:0.01' from image service failed: rpc error: code = Unknown desc = Error response from daemon: manifest for wordpress:0.01 not found,1
252,PullImage 'nginx:0.02' from image service failed: rpc error: code = Unknown desc = Error response from daemon: manifest for nginx:0.02 not found,1
253,PullImage 'apache:0.02' from image service failed: rpc error: code = Unknown desc = Error response from daemon: manifest for apache:0.02 not found,1
254,PullImage 'wordpress:0.02' from image service failed: rpc error: code = Unknown desc = Error response from daemon: manifest for wordpress:0.02 not found,1
255,PullImage 'nginx:0.03' from image service failed: rpc error: code = Unknown desc = Error response from daemon: manifest for nginx:0.03 not found,1
256,PullImage 'apache:0.03' from image service failed: rpc error: code = Unknown desc = Error response from daemon: manifest for apache:0.03 not found,1
257,PullImage 'wordpress:0.03' from image service failed: rpc error: code = Unknown desc = Error response from daemon: manifest for wordpress:0.03 not found,1
258,PullImage 'nginx:0.04' from image service failed: rpc error: code = Unknown desc = Error response from daemon: manifest for nginx:0.04 not found,1
259,PullImage 'apache:0.04' from image service failed: rpc error: code = Unknown desc = Error response from daemon: manifest for apache:0.04 not found,1
260,PullImage 'wordpress:0.04' from image service failed: rpc error: code = Unknown desc = Error response from daemon: manifest for wordpress:0.04 not found,1
261,PullImage 'nginx:0.05' from image service failed: rpc error: code = Unknown desc = Error response from daemon: manifest for nginx:0.05 not found,1
262,PullImage 'apache:0.05' from image service failed: rpc error: code = Unknown desc = Error response from daemon: manifest for apache:0.05 not found,1
263,PullImage 'wordpress:0.05' from image service failed: rpc error: code = Unknown desc = Error response from daemon: manifest for wordpress:0.05 not found,1
264,PullImage 'nginx:0.06' from image service failed: rpc error: code = Unknown desc = Error response from daemon: manifest for nginx:0.06 not found,1
265,PullImage 'apache:0.06' from image service failed: rpc error: code = Unknown desc = Error response from daemon: manifest for apache:0.06 not found,1
266,PullImage 'wordpress:0.06' from image service failed: rpc error: code = Unknown desc = Error response from daemon: manifest for wordpress:0.06 not found,1
267,PullImage 'nginx:0.07' from image service failed: rpc error: code = Unknown desc = Error response from daemon: manifest for nginx:0.07 not found,1
268,PullImage 'apache:0.07' from image service failed: rpc error: code = Unknown desc = Error response from daemon: manifest for apache:0.07 not found,1
269,PullImage 'wordpress:0.07' from image service failed: rpc error: code = Unknown desc = Error response from daemon: manifest for wordpress:0.07 not found,1
270,PullImage 'nginx:0.08' from image service failed: rpc error: code = Unknown desc = Error response from daemon: manifest for nginx:0.08 not found,1
271,PullImage 'apache:0.08' from image service failed: rpc error: code = Unknown desc = Error response from daemon: manifest for apache:0.08 not found,1
272,PullImage 'wordpress:0.08' from image service failed: rpc error: code = Unknown desc = Error response from daemon: manifest for wordpress:0.08 not found,1
273,PullImage 'nginx:0.09' from image service failed: rpc error: code = Unknown desc = Error response from daemon: manifest for nginx:0.09 not found,1
274,PullImage 'apache:0.09' from image service failed: rpc error: code = Unknown desc = Error response from daemon: manifest for apache:0.09 not found,1
275,PullImage 'wordpress:0.09' from image service failed: rpc error: code = Unknown desc = Error response from daemon: manifest for wordpress:0.09 not found,1
276,PullImage 'nginx:0.10' from image service failed: rpc error: code = Unknown desc = Error response from daemon: manifest for nginx:0.10 not found,1
277,PullImage 'apache:0.10' from image service failed: rpc error: code = Unknown desc = Error response from daemon: manifest for apache:0.10 not found,1
278,PullImage 'wordpress:0.10' from image service failed: rpc error: code = Unknown desc = Error response from daemon: manifest for wordpress:0.10 not found,1
279,PullImage 'nginx:0.11' from image service failed: rpc error: code = Unknown desc = Error response from daemon: manifest for nginx:0.11 not found,1
280,PullImage 'apache:0.11' from image service failed: rpc error: code = Unknown desc = Error response from daemon: manifest for apache:0.11 not found,1
281,PullImage 'wordpress:0.11' from image service failed: rpc error: code = Unknown desc = Error response from daemon: manifest for wordpress:0.11 not found,1
282,PullImage 'nginx:0.12' from image service failed: rpc error: code = Unknown desc = Error response from daemon: manifest for nginx:0.12 not found,1
283,PullImage 'apache:0.12' from image service failed: rpc error: code = Unknown desc = Error response from daemon: manifest for apache:0.12 not found,1
284,PullImage 'wordpress:0.12' from image service failed: rpc error: code = Unknown desc = Error response from daemon: manifest for wordpress:0.12 not found,1
285,PullImage 'nginx:0.13' from image service failed: rpc error: code = Unknown desc = Error response from daemon: manifest for nginx:0.13 not found,1
286,PullImage 'apache:0.13' from image service failed: rpc error: code = Unknown desc = Error response from daemon: manifest for apache:0.13 not found,1
287,PullImage 'wordpress:0.13' from image service failed: rpc error: code = Unknown desc = Error response from daemon: manifest for wordpress:0.13 not found,1
288,PullImage 'nginx:0.14' from image service failed: rpc error: code = Unknown desc = Error response from daemon: manifest for nginx:0.14 not found,1
289,PullImage 'apache:0.14' from image service failed: rpc error: code = Unknown desc = Error response from daemon: manifest for apache:0.14 not found,1
290,PullImage 'wordpress:0.14' from image service failed: rpc error: code = Unknown desc = Error response from daemon: manifest for wordpress:0.14 not found,1
291,PullImage 'nginx:0.15' from image service failed: rpc error: code = Unknown desc = Error response from daemon: manifest for nginx:0.15 not found,1
292,PullImage 'apache:0.15' from image service failed: rpc error: code = Unknown desc = Error response from daemon: manifest for apache:0.15 not found,1
293,PullImage 'wordpress:0.15' from image service failed: rpc error: code = Unknown desc = Error response from daemon: manifest for wordpress:0.15 not found,1
294,PullImage 'nginx:0.16' from image service failed: rpc error: code = Unknown desc = Error response from daemon: manifest for nginx:0.16 not found,1
295,PullImage 'apache:0.16' from image service failed: rpc error: code = Unknown desc = Error response from daemon: manifest for apache:0.16 not found,1
296,PullImage 'wordpress:0.16' from image service failed: rpc error: code = Unknown desc = Error response from daemon: manifest for wordpress:0.16 not found,1
297,PullImage 'nginx:0.17' from image service failed: rpc error: code = Unknown desc = Error response from daemon: manifest for nginx:0.17 not found,1
298,PullImage 'apache:0.17' from image service failed: rpc error: code = Unknown desc = Error response from daemon: manifest for apache:0.17 not found,1
299,PullImage 'wordpress:0.17' from image service failed: rpc error: code = Unknown desc = Error response from daemon: manifest for wordpress:0.17 not found,1
300,PullImage 'nginx:0.18' from image service failed: rpc error: code = Unknown desc = Error response from daemon: manifest for nginx:0.18 not found,1
301,PullImage 'apache:0.18' from image service failed: rpc error: code = Unknown desc = Error response from daemon: manifest for apache:0.18 not found,1
302,PullImage 'wordpress:0.18' from image service failed: rpc error: code = Unknown desc = Error response from daemon: manifest for wordpress:0.18 not found,1
303,PullImage 'nginx:0.19' from image service failed: rpc error: code = Unknown desc = Error response from daemon: manifest for nginx:0.19 not found,1
304,PullImage 'apache:0.19' from image service failed: rpc error: code = Unknown desc = Error response from daemon: manifest for apache:0.19 not found,1
305,PullImage 'wordpress:0.19' from image service failed: rpc error: code = Unknown desc = Error response from daemon: manifest for wordpress:0.19 not found,1
306,Error getting metrics from dnsmasq: read udp 111.0.0.1:53159->111.0.0.1:53: read: connection refused,2
307,Error getting metrics from dnsmasq: read udp 112.0.0.1:53159->112.0.0.1:53: read: connection refused,2
308,Error getting metrics from dnsmasq: read udp 113.0.0.1:53159->113.0.0.1:53: read: connection refused,2
309,Error getting metrics from dnsmasq: read udp 114.0.0.1:53159->114.0.0.1:53: read: connection refused,2
310,Error getting metrics from dnsmasq: read udp 115.0.0.1:53159->115.0.0.1:53: read: connection refused,2
311,Error getting metrics from dnsmasq: read udp 116.0.0.1:53159->116.0.0.1:53: read: connection refused,2
312,Error getting metrics from dnsmasq: read udp 117.0.0.1:53159->117.0.0.1:53: read: connection refused,2
313,Error getting metrics from dnsmasq: read udp 118.0.0.1:53159->118.0.0.1:53: read: connection refused,2
314,Error getting metrics from dnsmasq: read udp 119.0.0.1:53159->119.0.0.1:53: read: connection refused,2
315,Error getting metrics from dnsmasq: read udp 120.0.0.1:53159->120.0.0.1:53: read: connection refused,2
316,Error getting metrics from dnsmasq: read udp 121.0.0.1:53159->121.0.0.1:53: read: connection refused,2
317,Error getting metrics from dnsmasq: read udp 122.0.0.1:53159->122.0.0.1:53: read: connection refused,2
318,Error getting metrics from dnsmasq: read udp 123.0.0.1:53159->123.0.0.1:53: read: connection refused,2
319,Error getting metrics from dnsmasq: read udp 124.0.0.1:53159->124.0.0.1:53: read: connection refused,2
320,Error getting metrics from dnsmasq: read udp 125.0.0.1:53159->125.0.0.1:53: read: connection refused,2
321,Error getting metrics from dnsmasq: read udp 126.0.0.1:53159->126.0.0.1:53: read: connection refused,2
322,Error getting metrics from dnsmasq: read udp 127.0.0.1:53159->127.0.0.1:53: read: connection refused,2
323,Error getting metrics from dnsmasq: read udp 128.0.0.1:53159->128.0.0.1:53: read: connection refused,2
324,Error getting metrics from dnsmasq: read udp 129.0.0.1:53159->129.0.0.1:53: read: connection refused,2
325,Error getting metrics from dnsmasq: read udp 130.0.0.1:53159->130.0.0.1:53: read: connection refused,2
326,Error getting metrics from dnsmasq: read udp 131.0.0.1:53159->131.0.0.1:53: read: connection refused,2
327,Error getting metrics from dnsmasq: read udp 132.0.0.1:53159->132.0.0.1:53: read: connection refused,2
328,Error getting metrics from dnsmasq: read udp 133.0.0.1:53159->133.0.0.1:53: read: connection refused,2
329,Error getting metrics from dnsmasq: read udp 134.0.0.1:53159->134.0.0.1:53: read: connection refused,2
330,Error getting metrics from dnsmasq: read udp 135.0.0.1:53159->135.0.0.1:53: read: connection refused,2
331,Error getting metrics from dnsmasq: read udp 136.0.0.1:53159->136.0.0.1:53: read: connection refused,2
332,Error getting metrics from dnsmasq: read udp 137.0.0.1:53159->137.0.0.1:53: read: connection refused,2
333,Error getting metrics from dnsmasq: read udp 138.0.0.1:53159->138.0.0.1:53: read: connection refused,2
334,Error getting metrics from dnsmasq: read udp 139.0.0.1:53159->139.0.0.1:53: read: connection refused,2
335,Error getting metrics from dnsmasq: read udp 140.0.0.1:53159->140.0.0.1:53: read: connection refused,2
336,Error getting metrics from dnsmasq: read udp 141.0.0.1:53159->141.0.0.1:53: read: connection refused,2
337,Error getting metrics from dnsmasq: read udp 142.0.0.1:53159->142.0.0.1:53: read: connection refused,2
338,Error getting metrics from dnsmasq: read udp 143.0.0.1:53159->143.0.0.1:53: read: connection refused,2
339,Error getting metrics from dnsmasq: read udp 144.0.0.1:53159->144.0.0.1:53: read: connection refused,2
340,Error getting metrics from dnsmasq: read udp 145.0.0.1:53159->145.0.0.1:53: read: connection refused,2
341,Error getting metrics from dnsmasq: read udp 146.0.0.1:53159->146.0.0.1:53: read: connection refused,2
342,Error getting metrics from dnsmasq: read udp 147.0.0.1:53159->147.0.0.1:53: read: connection refused,2
343,Error getting metrics from dnsmasq: read udp 148.0.0.1:53159->148.0.0.1:53: read: connection refused,2
344,Error getting metrics from dnsmasq: read udp 149.0.0.1:53159->149.0.0.1:53: read: connection refused,2
345,Error getting metrics from dnsmasq: read udp 150.0.0.1:53159->150.0.0.1:53: read: connection refused,2
346,Error getting metrics from dnsmasq: read udp 151.0.0.1:53159->151.0.0.1:53: read: connection refused,2
347,Error getting metrics from dnsmasq: read udp 152.0.0.1:53159->152.0.0.1:53: read: connection refused,2
348,Error getting metrics from dnsmasq: read udp 153.0.0.1:53159->153.0.0.1:53: read: connection refused,2
349,Error getting metrics from dnsmasq: read udp 154.0.0.1:53159->154.0.0.1:53: read: connection refused,2
350,Error getting metrics from dnsmasq: read udp 155.0.0.1:53159->155.0.0.1:53: read: connection refused,2
351,Error getting metrics from dnsmasq: read udp 156.0.0.1:53159->156.0.0.1:53: read: connection refused,2
352,Error getting metrics from dnsmasq: read udp 157.0.0.1:53159->157.0.0.1:53: read: connection refused,2
353,Error getting metrics from dnsmasq: read udp 158.0.0.1:53159->158.0.0.1:53: read: connection refused,2
354,Error getting metrics from dnsmasq: read udp 159.0.0.1:53159->159.0.0.1:53: read: connection refused,2
355,Error getting metrics from dnsmasq: read udp 160.0.0.1:53159->160.0.0.1:53: read: connection refused,2
356,Error getting metrics from dnsmasq: read udp 161.0.0.1:53159->161.0.0.1:53: read: connection refused,2
357,Error getting metrics from dnsmasq: read udp 162.0.0.1:53159->162.0.0.1:53: read: connection refused,2
358,Error getting metrics from dnsmasq: read udp 163.0.0.1:53159->163.0.0.1:53: read: connection refused,2
359,Error getting metrics from dnsmasq: read udp 164.0.0.1:53159->164.0.0.1:53: read: connection refused,2
360,Error getting metrics from dnsmasq: read udp 165.0.0.1:53159->165.0.0.1:53: read: connection refused,2
361,Error getting metrics from dnsmasq: read udp 166.0.0.1:53159->166.0.0.1:53: read: connection refused,2
362,Error getting metrics from dnsmasq: read udp 167.0.0.1:53159->167.0.0.1:53: read: connection refused,2
363,Error getting metrics from dnsmasq: read udp 168.0.0.1:53159->168.0.0.1:53: read: connection refused,2
364,Error getting metrics from dnsmasq: read udp 169.0.0.1:53159->169.0.0.1:53: read: connection refused,2
365,Error getting metrics from dnsmasq: read udp 170.0.0.1:53159->170.0.0.1:53: read: connection refused,2
366,Error getting metrics from dnsmasq: read udp 171.0.0.1:53159->171.0.0.1:53: read: connection refused,2
367,Error getting metrics from dnsmasq: read udp 172.0.0.1:53159->172.0.0.1:53: read: connection refused,2
368,Error getting metrics from dnsmasq: read udp 173.0.0.1:53159->173.0.0.1:53: read: connection refused,2
369,Error getting metrics from dnsmasq: read udp 174.0.0.1:53159->174.0.0.1:53: read: connection refused,2
370,Error getting metrics from dnsmasq: read udp 175.0.0.1:53159->175.0.0.1:53: read: connection refused,2
371,Error getting metrics from dnsmasq: read udp 176.0.0.1:53159->176.0.0.1:53: read: connection refused,2
372,Error getting metrics from dnsmasq: read udp 177.0.0.1:53159->177.0.0.1:53: read: connection refused,2
373,Error getting metrics from dnsmasq: read udp 178.0.0.1:53159->178.0.0.1:53: read: connection refused,2
374,Error getting metrics from dnsmasq: read udp 179.0.0.1:53159->179.0.0.1:53: read: connection refused,2
375,Error getting metrics from dnsmasq: read udp 180.0.0.1:53159->180.0.0.1:53: read: connection refused,2
376,Error getting metrics from dnsmasq: read udp 181.0.0.1:53159->181.0.0.1:53: read: connection refused,2
377,Error getting metrics from dnsmasq: read udp 182.0.0.1:53159->182.0.0.1:53: read: connection refused,2
378,Error getting metrics from dnsmasq: read udp 183.0.0.1:53159->183.0.0.1:53: read: connection refused,2
379,Error getting metrics from dnsmasq: read udp 184.0.0.1:53159->184.0.0.1:53: read: connection refused,2
380,Error getting metrics from dnsmasq: read udp 185.0.0.1:53159->185.0.0.1:53: read: connection refused,2
381,Error getting metrics from dnsmasq: read udp 186.0.0.1:53159->186.0.0.1:53: read: connection refused,2
382,Error getting metrics from dnsmasq: read udp 187.0.0.1:53159->187.0.0.1:53: read: connection refused,2
383,Error getting metrics from dnsmasq: read udp 188.0.0.1:53159->188.0.0.1:53: read: connection refused,2
384,Error getting metrics from dnsmasq: read udp 189.0.0.1:53159->189.0.0.1:53: read: connection refused,2
385,Error getting metrics from dnsmasq: read udp 190.0.0.1:53159->190.0.0.1:53: read: connection refused,2
386,Error getting metrics from dnsmasq: read udp 191.0.0.1:53159->191.0.0.1:53: read: connection refused,2
387,Error getting metrics from dnsmasq: read udp 192.0.0.1:53159->192.0.0.1:53: read: connection refused,2
388,Error getting metrics from dnsmasq: read udp 193.0.0.1:53159->193.0.0.1:53: read: connection refused,2
389,Error getting metrics from dnsmasq: read udp 194.0.0.1:53159->194.0.0.1:53: read: connection refused,2
390,Error getting metrics from dnsmasq: read udp 195.0.0.1:53159->195.0.0.1:53: read: connection refused,2
391,Error getting metrics from dnsmasq: read udp 196.0.0.1:53159->196.0.0.1:53: read: connection refused,2
392,Error getting metrics from dnsmasq: read udp 197.0.0.1:53159->197.0.0.1:53: read: connection refused,2
393,Error getting metrics from dnsmasq: read udp 198.0.0.1:53159->198.0.0.1:53: read: connection refused,2
394,Error getting metrics from dnsmasq: read udp 199.0.0.1:53159->199.0.0.1:53: read: connection refused,2
395,NameError: name 'abcd' is not defined,3
396,NameError: name 'abce' is not defined,3
397,NameError: name 'abcf' is not defined,3
398,NameError: name 'abcg' is not defined,3
399,NameError: name 'abch' is not defined,3
400,NameError: name 'abci' is not defined,3
401,NameError: name 'abcj' is not defined,3
402,NameError: name 'abck' is not defined,3
403,NameError: name 'abcl' is not defined,3
404,NameError: name 'abcm' is not defined,3
405,NameError: name 'abcn' is not defined,3
406,NameError: name 'abco' is not defined,3
407,NameError: name 'abcp' is not defined,3
408,NameError: name 'abcq' is not defined,3
409,NameError: name 'abcr' is not defined,3
410,NameError: name 'abcs' is not defined,3
411,NameError: name 'abct' is not defined,3
412,NameError: name 'abcu' is not defined,3
413,NameError: name 'abcv' is not defined,3
414,NameError: name 'abcw' is not defined,3
415,NameError: name 'abcx' is not defined,3
416,NameError: name 'abcy' is not defined,3
417,NameError: name 'abcz' is not defined,3
418,NameError: name 'abdc' is not defined,3
419,NameError: name 'abde' is not defined,3
420,NameError: name 'abdf' is not defined,3
421,NameError: name 'abdg' is not defined,3
422,NameError: name 'abdh' is not defined,3
423,NameError: name 'abdi' is not defined,3
424,NameError: name 'abdj' is not defined,3
425,NameError: name 'abdk' is not defined,3
426,NameError: name 'abdl' is not defined,3
427,NameError: name 'abdm' is not defined,3
428,NameError: name 'abdn' is not defined,3
429,NameError: name 'abdo' is not defined,3
430,NameError: name 'abdp' is not defined,3
431,NameError: name 'abdq' is not defined,3
432,NameError: name 'abdr' is not defined,3
433,NameError: name 'abds' is not defined,3
434,NameError: name 'abdt' is not defined,3
435,NameError: name 'abdu' is not defined,3
436,NameError: name 'abdv' is not defined,3
437,NameError: name 'abdw' is not defined,3
438,NameError: name 'abdx' is not defined,3
439,NameError: name 'abdy' is not defined,3
440,NameError: name 'abdz' is not defined,3
441,NameError: name 'abec' is not defined,3
442,NameError: name 'abed' is not defined,3
443,NameError: name 'abef' is not defined,3
444,NameError: name 'abeg' is not defined,3
445,NameError: name 'abeh' is not defined,3
446,NameError: name 'abei' is not defined,3
447,NameError: name 'abej' is not defined,3
448,NameError: name 'abek' is not defined,3
449,NameError: name 'abel' is not defined,3
450,NameError: name 'abem' is not defined,3
451,NameError: name 'aben' is not defined,3
452,NameError: name 'abeo' is not defined,3
453,NameError: name 'abep' is not defined,3
454,NameError: name 'abeq' is not defined,3
455,NameError: name 'aber' is not defined,3
456,NameError: name 'abes' is not defined,3
457,NameError: name 'abet' is not defined,3
458,NameError: name 'abeu' is not defined,3
459,NameError: name 'abev' is not defined,3
460,NameError: name 'abew' is not defined,3
461,NameError: name 'abex' is not defined,3
462,NameError: name 'abey' is not defined,3
463,NameError: name 'abez' is not defined,3
464,NameError: name 'abfc' is not defined,3
465,NameError: name 'abfd' is not defined,3
466,NameError: name 'abfe' is not defined,3
467,NameError: name 'abfg' is not defined,3
468,NameError: name 'abfh' is not defined,3
469,NameError: name 'abfi' is not defined,3
470,NameError: name 'abfj' is not defined,3
471,NameError: name 'abfk' is not defined,3
472,NameError: name 'abfl' is not defined,3
473,NameError: name 'abfm' is not defined,3
474,NameError: name 'abfn' is not defined,3
475,NameError: name 'abfo' is not defined,3
476,NameError: name 'abfp' is not defined,3
477,NameError: name 'abfq' is not defined,3
478,NameError: name 'abfr' is not defined,3
479,NameError: name 'abfs' is not defined,3
480,NameError: name 'abft' is not defined,3
481,NameError: name 'abfu' is not defined,3
482,NameError: name 'abfv' is not defined,3
483,NameError: name 'abfw' is not defined,3
484,NameError: name 'abfx' is not defined,3
485,NameError: name 'abfy' is not defined,3
486,NameError: name 'abfz' is not defined,3
487,NameError: name 'abgc' is not defined,3
488,NameError: name 'abgd' is not defined,3
489,NameError: name 'abge' is not defined,3
490,NameError: name 'abgf' is not defined,3
491,NameError: name 'abgh' is not defined,3
492,NameError: name 'abgi' is not defined,3
493,NameError: name 'abgj' is not defined,3
494,NameError: name 'abgk' is not defined,3
495,NameError: name 'abgl' is not defined,3
496,NameError: name 'abgm' is not defined,3
497,NameError: name 'abgn' is not defined,3
498,NameError: name 'abgo' is not defined,3
499,NameError: name 'abgp' is not defined,3
500,NameError: name 'abgq' is not defined,3
501,NameError: name 'abgr' is not defined,3
502,NameError: name 'abgs' is not defined,3
503,NameError: name 'abgt' is not defined,3
504,NameError: name 'abgu' is not defined,3
505,NameError: name 'abgv' is not defined,3
506,NameError: name 'abgw' is not defined,3
507,NameError: name 'abgx' is not defined,3
508,NameError: name 'abgy' is not defined,3
509,NameError: name 'abgz' is not defined,3
510,NameError: name 'abhc' is not defined,3
511,NameError: name 'abhd' is not defined,3
512,NameError: name 'abhe' is not defined,3
513,NameError: name 'abhf' is not defined,3
514,NameError: name 'abhg' is not defined,3
515,NameError: name 'abhi' is not defined,3
516,NameError: name 'abhj' is not defined,3
517,NameError: name 'abhk' is not defined,3
518,NameError: name 'abhl' is not defined,3
519,NameError: name 'abhm' is not defined,3
520,NameError: name 'abhn' is not defined,3
521,NameError: name 'abho' is not defined,3
522,NameError: name 'abhp' is not defined,3
523,NameError: name 'abhq' is not defined,3
524,NameError: name 'abhr' is not defined,3
525,NameError: name 'abhs' is not defined,3
526,NameError: name 'abht' is not defined,3
527,NameError: name 'abhu' is not defined,3
528,NameError: name 'abhv' is not defined,3
529,NameError: name 'abhw' is not defined,3
530,NameError: name 'abhx' is not defined,3
531,NameError: name 'abhy' is not defined,3
532,NameError: name 'abhz' is not defined,3
533,NameError: name 'abic' is not defined,3
534,NameError: name 'abid' is not defined,3
535,NameError: name 'abie' is not defined,3
536,NameError: name 'abif' is not defined,3
537,NameError: name 'abig' is not defined,3
538,NameError: name 'abih' is not defined,3
539,NameError: name 'abij' is not defined,3
540,NameError: name 'abik' is not defined,3
541,NameError: name 'abil' is not defined,3
542,NameError: name 'abim' is not defined,3
543,NameError: name 'abin' is not defined,3
544,NameError: name 'abio' is not defined,3
